{"x": [1.0, 1.5, 2.0, 2.5, 3.0, 3.5, 4.0, 4.5, 5.0, 5.5, 6.0, 6.5, 7.0, 7.5, 8.0, 8.5, 9.0, 9.5, 10.0, 10.5, 11.0, 11.5, 12.0, 12.5, 13.0, 13.5, 14.0, 14.5, 15.0, 15.5, 16.0, 16.5, 17.0, 17.5, 18.0, 18.5, 19.0, 19.5, 20.0, 20.5, 21.0, 21.5, 22.0, 22.5, 23.0, 23.5, 24.0, 24.5, 25.0, 25.5, 26.0, 26.5, 27.0, 27.5, 28.0, 28.5, 29.0, 29.5, 30.0, 30.5, 31.0, 31.5, 32.0, 32.5, 33.0, 33.5, 34.0, 34.5, 35.0, 35.5, 36.0, 36.5, 37.0, 37.5, 38.0, 38.5, 39.0, 39.5, 40.0, 40.5, 41.0, 41.5, 42.0, 42.5, 43.0, 43.5, 44.0, 44.5, 45.0, 45.5, 46.0, 46.5, 47.0, 47.5, 48.0, 48.5, 49.0, 49.5, 50.0, 50.5, 51.0, 51.5, 52.0, 52.5, 53.0, 53.5, 54.0, 54.5, 55.0, 55.5, 56.0, 56.5, 57.0, 57.5, 58.0, 58.5, 59.0, 59.5, 60.0, 60.5, 61.0, 61.5, 62.0, 62.5, 63.0, 63.5, 64.0, 64.5, 65.0, 65.5, 66.0, 66.5, 67.0, 67.5, 68.0, 68.5, 69.0, 69.5, 70.0, 70.5, 71.0, 71.5, 72.0, 72.5, 73.0, 73.5, 74.0, 74.5, 75.0, 75.5, 76.0, 76.5, 77.0, 77.5, 78.0, 78.5, 79.0, 79.5, 80.0, 80.5, 81.0, 81.5, 82.0, 82.5, 83.0, 83.5, 84.0, 84.5, 85.0, 85.5, 86.0, 86.5, 87.0, 87.5, 88.0, 88.5, 89.0, 89.5, 90.0, 90.5, 91.0, 91.5, 92.0, 92.5, 93.0, 93.5, 94.0, 94.5, 95.0, 95.5, 96.0, 96.5, 97.0, 97.5], "y": [0.6846836096405664, 0.9366578632104465, 1.4939345115686673, 2.2113808305870855, 2.928827149605504, -0.174087999027988, -2.5785465375137178, -1.818747923395053, -1.0589493092763884, -0.15403913228019578, 1.078099025614539, 2.310237183509274, 1.1110723722370357, -0.02479716246596465, -0.02640561834831662, -0.028014074230668592, 0.03131840584079633, 0.11949540139770909, 0.20767239695462184, 114.75310946903312, 114.57522534686181, 107.07859555080235, 99.58196575474288, 92.08533595868343, 84.65249543688063, 77.26420701800396, 69.87591859912727, 62.4876301802506, 55.93651634020781, 52.12952060157144, 48.32252486293508, 41.4649827934321, 31.88721357296601, 27.733832222815682, 24.255776740824157, 20.777721258832628, 17.299665776841103, 17.60713695174667, 14.637454903350509, 11.667772854954347, 11.1116023907431, 10.96129234545259, 8.813055165965393, 7.49882057163842, 6.370822799490952, 5.451146647377125, 5.007918265689092, 4.56468988400106, 0.8972299925667806, 0.178326993790778, -0.5405760049852244, -4.702808888396584, -1.8778569237591394, 1.1691647050074432, -4.827335680531148, -7.946271050747176, -8.486015081968464, -6.829972201808237, -7.690032510473264, -9.18469258178234, -7.746424768514512, -8.50110966785668, -7.32451314004552, -8.33214232823097, -6.653206953384595, -4.974271578538222, -13.83798650070147, -27.29467950000294, -23.842193231470468, -18.69189275070125, -14.845885571127248, -12.105666105478374, -8.521528852674914, -5.235748418661332, -2.20542229153643, -1.4912341499244872, -1.0136687370054374, -0.4147398403959194, 1.0604058403392362, 4.3002279604844755, 5.642283930022635, 6.984339899560794, 4.515774232455938, 5.067128261518025, 5.618482290580113, 5.778511661063443, 5.776903205181092, 5.722575465545127, 3.099443602999449, 3.5420826786880637, 3.7326798089682653, 3.0137768101922497, 2.818118269665067, 5.059378862885405, 5.340079897586556, 4.1439552542926235, 3.3948697122862885, 3.2735901023210072, 2.9936957208409845, 2.2747927220649733, 3.5467623215027526, 3.5885313564416004, 3.1085313564416124, 2.91867710223993, 2.917068646357569, 2.9154601904752275, 3.0107588999528994, 3.488324312871944, 3.7770409100860043, 3.9350700574572817, 2.7341767592568065, 0.19478529997824273, 0.856857072345177, 1.5189288447121114, 2.3512854065152595, 3.130107446114691, 2.7184012704673868, 2.092047521476155, 1.4152897089761567, 0.7385318964761585, -0.2727131587605275, -1.3256692123948217, -2.0024270248948044, -2.679184837394787, -3.216772477943554, -2.4338700348377875, -1.767261534116242, -1.8994179163840172, -2.036091762067977, -2.1972508962906923, -2.358410030513408, -2.5195691647361236, -2.3000200827908195, -2.051722508163947, -1.8034249335370753, -1.5551273589102035, -1.018666704730168, -0.41487263835620314, 0.1889214280177618, 0.1377422542394368, -0.8565759275787208, -1.782660380449169, -1.8868471037119185, -1.9910338269746681, -1.597239969645937, -0.8244086500310492, 0.022079107033582512, 1.0997149265547643, 0.4302187745280932, -0.6466734273067634, -1.0172144418777285, -1.0188228977600833, -1.0204313536424379, -0.809143109896664, -0.5413126501265508, -0.2734821903564375, 0.27700061902396245, 0.7274808984341835, 0.38810319670507476, 0.04872549497596601, -0.255554397637197, -0.1918670717319044, -0.1281797458266118, -0.06449241992131918, 0.12309570751122112, 1.0369542212358414, 1.7240829267329272, 1.3636075746202467, 1.003132222507566, 0.6426568703948856, 0.4947340875340365, 0.4931256316516819, 0.4915171757693273, 0.4247858419239563, 0.3334194381867946, 0.2420530344496329, 0.0827264208899994, -0.08781534186584361, -0.2583571046216866, -0.8093123304074532, -1.0184680041240999, 0.5229189100412535, 2.0643058242066066, 1.6190614664884553, 0.3037529786140003, -0.36613830282500426, -0.4874179127902865, -0.37512621860804096, 0.10243919431100701, 0.5800046072300549, 0.5175913410429763, 0.22885420238545068, -0.055357824230674944, -0.0569662801130239],